product_id,product_name,price
P-000,Perum Utami Tbk,429
P-001,PD Padmasari,6127
P-002,Perum Pranowo (Persero) Tbk,3913
P-003,CV Mayasari,4532
P-004,UD Zulkarnain Lazuardi,5119
P-005,PT Najmudin Melani (Persero) Tbk,5852
P-006,CV Lailasari Zulaika,5473
P-007,UD Nasyiah (Persero) Tbk,4311
P-008,PD Latupono Fujiati (Persero) Tbk,513
P-009,CV Kusumo (Persero) Tbk,4730
P-010,CV Siregar Napitupulu (Persero) Tbk,4537
P-011,UD Prakasa Situmorang (Persero) Tbk,9249
P-012,CV Zulaika Setiawan,7971
P-013,PT Jailani Habibi Tbk,9103
P-014,PT Simanjuntak Najmudin,3557
P-015,UD Pudjiastuti,6241
P-016,CV Maulana Tbk,4073
P-017,UD Namaga Tbk,4535
P-018,PD Najmudin Prayoga Tbk,3610
P-019,PD Sihotang Prayoga,5658
P-020,PD Yulianti,1724
P-021,Perum Prasasta Hakim Tbk,3018
P-022,PT Saptono Tbk,3984
P-023,PD Yulianti (Persero) Tbk,4335
P-024,PT Sitompul (Persero) Tbk,3057
P-025,PT Yulianti,248
P-026,PT Prasasta,9041
P-027,PD Nashiruddin Oktaviani,9725
P-028,CV Prasetyo Pradipta Tbk,1663
P-029,UD Wibowo Kuswandari,9553
P-030,PT Laksmiwati,920
P-031,CV Hastuti Siregar (Persero) Tbk,5635
P-032,PD Sihombing Rajata (Persero) Tbk,8771
P-033,PD Hasanah Waskita (Persero) Tbk,231
P-034,PD Latupono (Persero) Tbk,1595
P-035,PD Dabukke Tbk,4394
P-036,UD Uwais Tbk,8595
P-037,UD Wahyudin,6024
P-038,PT Wahyudin,5908
P-039,PT Halim,5202
P-040,Perum Melani Widodo,3135
P-041,Perum Manullang Hutasoit Tbk,8823
P-042,PD Mandala,5985
P-043,UD Mardhiyah Tbk,7719
P-044,PT Waskita Winarsih Tbk,2864
P-045,PD Prasetya Saputra,2005
P-046,Perum Safitri Usamah,9246
P-047,PT Mangunsong,1464
P-048,UD Latupono Tbk,536
P-049,UD Putra Rajasa (Persero) Tbk,1267
P-050,UD Prasetyo,2770
P-051,UD Utami Kurniawan Tbk,7324
P-052,PD Pratama Hidayat,5170
P-053,Perum Hassanah Irawan Tbk,313
P-054,PT Iswahyudi Pratiwi,2211
P-055,UD Rahayu (Persero) Tbk,4839
P-056,PT Najmudin Mulyani,7611
P-057,UD Fujiati,8001
P-058,CV Najmudin Winarno,8925
P-059,Perum Latupono Habibi,8497
P-060,Perum Zulaika (Persero) Tbk,5134
P-061,UD Maheswara,9056
P-062,UD Hutagalung,931
P-063,PT Rajasa Sitompul,9565
P-064,Perum Farida Tbk,4519
P-065,UD Prakasa Wulandari,6834
P-066,Perum Setiawan (Persero) Tbk,4952
P-067,UD Irawan,4576
P-068,UD Gunawan Anggraini Tbk,1941
P-069,PD Wijayanti,9667
P-070,PT Wulandari,6481
P-071,Perum Santoso Hardiansyah,3581
P-072,UD Salahudin (Persero) Tbk,8848
P-073,PT Iswahyudi Tbk,7919
P-074,CV Nasyidah Wibowo (Persero) Tbk,8024
P-075,UD Saptono,5765
P-076,CV Kuswandari Permadi (Persero) Tbk,8576
P-077,Perum Halimah,2546
P-078,CV Andriani,6870
P-079,PD Mandala,9141
P-080,PT Nababan Adriansyah Tbk,9840
P-081,UD Hutagalung Purwanti,466
P-082,PT Yuliarti Wijayanti Tbk,544
P-083,Perum Padmasari Sudiati,9396
P-084,PT Prasetyo Hutagalung,7950
P-085,PT Nainggolan,4137
P-086,UD Putra Handayani,5179
P-087,Perum Wijaya Purwanti,1017
P-088,PD Samosir Sitompul,3867
P-089,UD Maryadi Yuliarti,9156
P-090,PT Andriani Tbk,2072
P-091,Perum Mulyani,6978
P-092,PD Pudjiastuti Maryati (Persero) Tbk,8456
P-093,PD Mahendra Tbk,6709
P-094,CV Dongoran Hasanah Tbk,7331
P-095,UD Tampubolon Prakasa,3256
P-096,PT Waskita Situmorang Tbk,2472
P-097,PD Manullang,6619
P-098,PD Haryanti Zulaika (Persero) Tbk,911
P-099,PT Puspita,7252
P-100,CV Saefullah Jailani,222
P-101,UD Nugroho Winarsih Tbk,2244
P-102,PD Kuswoyo,8395
P-103,PT Anggriawan Utama,6999
P-104,CV Fujiati Hastuti (Persero) Tbk,3709
P-105,Perum Dongoran Agustina,7962
P-106,Perum Mangunsong Thamrin,8731
P-107,Perum Damanik Riyanti,1003
P-108,Perum Wibisono Lestari,5239
P-109,CV Puspita Megantara,2327
P-110,CV Andriani Damanik,8219
P-111,PD Samosir Aryani,8306
P-112,Perum Siregar Laksita,8709
P-113,CV Rahimah (Persero) Tbk,6909
P-114,PD Wijaya Rahimah,3422
P-115,CV Riyanti Melani (Persero) Tbk,5423
P-116,Perum Sudiati,2731
P-117,Perum Mahendra Pertiwi,8630
P-118,Perum Megantara,4904
P-119,PD Dabukke Nashiruddin,9599
P-120,CV Januar Mandasari (Persero) Tbk,7311
P-121,UD Puspasari Setiawan,6631
P-122,Perum Salahudin,2521
P-123,Perum Wulandari (Persero) Tbk,5220
P-124,PD Yulianti,2640
P-125,PD Zulkarnain Habibi (Persero) Tbk,224
P-126,Perum Siregar Tbk,1113
P-127,UD Purnawati Sihotang Tbk,3679
P-128,UD Damanik Narpati,4628
P-129,PT Suryono Tbk,423
P-130,CV Palastri,5298
P-131,UD Tampubolon (Persero) Tbk,6846
P-132,PD Yuniar Wastuti,2203
P-133,PT Farida,836
P-134,UD Prabowo (Persero) Tbk,1877
P-135,PD Permadi (Persero) Tbk,7567
P-136,Perum Anggraini (Persero) Tbk,2174
P-137,PT Lestari Permadi,7550
P-138,UD Safitri Utama,1274
P-139,CV Simanjuntak,1694
P-140,PT Nurdiyanti Hassanah,98
P-141,PD Najmudin Sirait Tbk,4731
P-142,UD Wahyuni,3024
P-143,PT Samosir (Persero) Tbk,5800
P-144,PT Hartati Samosir (Persero) Tbk,2517
P-145,PT Sihotang Rajasa,974
P-146,CV Hastuti (Persero) Tbk,6954
P-147,PD Samosir Napitupulu (Persero) Tbk,8967
P-148,UD Nurdiyanti,4522
P-149,UD Widodo Tbk,8081
P-150,PT Winarno Usamah Tbk,6873
P-151,PD Pudjiastuti Nasyidah (Persero) Tbk,2805
P-152,CV Saefullah (Persero) Tbk,49
P-153,UD Namaga Tbk,1329
P-154,Perum Mangunsong Waskita,1040
P-155,Perum Maulana,7953
P-156,PD Thamrin Januar (Persero) Tbk,6429
P-157,PT Suryono Hardiansyah Tbk,6088
P-158,PD Kusmawati (Persero) Tbk,523
P-159,CV Purwanti Purwanti,3864
P-160,PT Yolanda,9975
P-161,CV Tarihoran (Persero) Tbk,9172
P-162,CV Nuraini,5264
P-163,UD Hassanah Lailasari,7296
P-164,PT Suryono Pangestu Tbk,3752
P-165,PT Wibowo,4612
P-166,UD Wibowo,776
P-167,Perum Hastuti Kusumo,3212
P-168,PD Nugroho Tbk,7627
P-169,CV Sitompul Hutasoit (Persero) Tbk,3047
P-170,PD Siregar,4933
P-171,PT Winarsih Prabowo Tbk,472
P-172,CV Yuniar,6338
P-173,UD Nainggolan Tbk,9533
P-174,PD Prasetya,1225
P-175,Perum Winarno Ramadan,6152
P-176,Perum Zulkarnain Maulana,8083
P-177,PD Halimah,9680
P-178,Perum Usamah Mansur Tbk,549
P-179,UD Suwarno Hartati Tbk,8579
P-180,UD Wahyudin Widodo Tbk,8987
P-181,PT Saptono Ardianto,4592
P-182,PT Pratama (Persero) Tbk,9105
P-183,PD Hardiansyah,708
P-184,CV Waskita Wahyuni,2273
P-185,UD Dongoran Anggriawan,3879
P-186,Perum Mandasari Mayasari (Persero) Tbk,9027
P-187,CV Hidayanto Wijaya,2353
P-188,UD Yuniar Suryono Tbk,1998
P-189,PD Mulyani Tbk,5641
P-190,UD Halim,6374
P-191,UD Namaga,8139
P-192,PD Wulandari,5034
P-193,Perum Permata Sihombing,8443
P-194,CV Waluyo,9602
P-195,PD Kurniawan,9959
P-196,UD Widiastuti,6496
P-197,PD Winarno,9727
P-198,CV Rahimah Simanjuntak,7896
P-199,CV Zulaika Tampubolon,1235
P-200,UD Wahyuni,4917
P-201,Perum Mardhiyah (Persero) Tbk,7686
P-202,PT Sinaga (Persero) Tbk,1395
P-203,PD Situmorang Wahyuni (Persero) Tbk,3156
P-204,UD Riyanti Sinaga,990
P-205,UD Puspita Permata (Persero) Tbk,1055
P-206,PD Megantara Tbk,8691
P-207,CV Ardianto Tbk,2732
P-208,CV Pradana,5531
P-209,CV Santoso Tbk,917
P-210,PT Astuti,7657
P-211,UD Yuniar Tbk,5280
P-212,PD Saefullah Wibowo,7178
P-213,PT Mardhiyah (Persero) Tbk,2611
P-214,Perum Hidayat,5358
P-215,PD Saragih Latupono,9409
P-216,CV Napitupulu,4649
P-217,Perum Laksita Tbk,9337
P-218,CV Widodo Pratama Tbk,3218
P-219,Perum Firgantoro Utama Tbk,863
P-220,UD Prastuti,1234
P-221,PD Sihotang Pertiwi,4177
P-222,PD Salahudin,2928
P-223,PT Rahayu,157
P-224,Perum Sudiati,9796
P-225,PD Wijaya Tbk,1125
P-226,CV Halim Tbk,4627
P-227,PT Puspasari,5132
P-228,CV Mayasari Halim (Persero) Tbk,6165
P-229,CV Waluyo Riyanti (Persero) Tbk,5150
P-230,Perum Sudiati Permadi,7420
P-231,PT Yolanda Wastuti (Persero) Tbk,6439
P-232,PD Hutagalung Megantara Tbk,9804
P-233,CV Firmansyah Pratiwi,8597
P-234,CV Padmasari (Persero) Tbk,9926
P-235,CV Hasanah Tbk,2591
P-236,PT Namaga Kusmawati,628
P-237,UD Novitasari Tbk,7596
P-238,PD Uwais Damanik,7633
P-239,PD Sinaga Pratiwi,4509
P-240,Perum Hassanah Tbk,9736
P-241,Perum Hutasoit,9346
P-242,CV Laksita Anggriawan,9644
P-243,PT Kurniawan Ardianto,7735
P-244,UD Pranowo,955
P-245,CV Suwarno,8296
P-246,Perum Nashiruddin,3238
P-247,PT Firgantoro,3551
P-248,CV Maryati Pratama,3174
P-249,CV Kusumo Tbk,5904
P-250,UD Siregar,1159
P-251,UD Halimah Tbk,2769
P-252,Perum Namaga Tbk,1949
P-253,CV Latupono Mansur Tbk,3016
P-254,PD Safitri Pudjiastuti,3878
P-255,CV Pudjiastuti,2679
P-256,PD Irawan,6560
P-257,PT Astuti Wahyudin,3597
P-258,Perum Kurniawan,3326
P-259,PD Natsir Natsir,3944
P-260,Perum Samosir (Persero) Tbk,9767
P-261,CV Marpaung,1702
P-262,Perum Puspita,8148
P-263,PT Budiman Mandasari Tbk,5510
P-264,PT Utama,7922
P-265,Perum Utami Rajata Tbk,8131
P-266,Perum Farida Widiastuti,1493
P-267,PT Rahayu Tampubolon,9425
P-268,PD Nainggolan Yolanda Tbk,4374
P-269,PT Prasetya,4448
P-270,UD Purwanti Prayoga,7886
P-271,PD Novitasari,1690
P-272,CV Budiman Gunawan,5582
P-273,CV Yuniar Lazuardi,6570
P-274,CV Waluyo Nurdiyanti Tbk,5515
P-275,PT Purnawati Yuliarti (Persero) Tbk,4692
P-276,PD Salahudin,1312
P-277,PD Prastuti Saragih (Persero) Tbk,2268
P-278,PD Hariyah Nurdiyanti Tbk,3871
P-279,CV Sihotang Firgantoro,7067
P-280,PD Prakasa Jailani,6482
P-281,PT Novitasari Susanti,5496
P-282,UD Hardiansyah Hidayat Tbk,2509
P-283,PT Anggraini (Persero) Tbk,1937
P-284,Perum Lailasari Usada Tbk,179
P-285,CV Suryono Tbk,2345
P-286,CV Zulaika Hutapea Tbk,2133
P-287,UD Gunawan Tbk,7129
P-288,Perum Sirait,5554
P-289,PD Simanjuntak Permata,2282
P-290,UD Latupono,2050
P-291,PD Setiawan Pradipta Tbk,3027
P-292,Perum Mandala Andriani Tbk,4717
P-293,Perum Nainggolan Iswahyudi Tbk,7403
P-294,UD Wahyuni Putra Tbk,4391
P-295,UD Halim Tbk,5121
P-296,CV Pranowo Tbk,5790
P-297,PD Uwais (Persero) Tbk,333
P-298,Perum Hasanah Tbk,4320
P-299,Perum Hastuti Suwarno (Persero) Tbk,7080
P-300,UD Pertiwi,9730
P-301,Perum Astuti Purnawati Tbk,5983
P-302,UD Irawan Damanik (Persero) Tbk,7428
P-303,CV Hassanah,1986
P-304,UD Putra Hardiansyah Tbk,1275
P-305,CV Sirait Hassanah,6366
P-306,PT Pangestu Santoso (Persero) Tbk,3292
P-307,UD Laksita Tbk,2065
P-308,Perum Halim Mangunsong Tbk,9345
P-309,CV Widodo Anggriawan (Persero) Tbk,9550
P-310,PD Januar Manullang Tbk,2237
P-311,PD Hastuti Tbk,891
P-312,CV Halim Prabowo Tbk,9750
P-313,UD Yolanda Usamah Tbk,9477
P-314,CV Permadi (Persero) Tbk,753
P-315,PD Namaga Halimah,5536
P-316,PT Farida (Persero) Tbk,1277
P-317,PT Prastuti Winarno,1384
P-318,Perum Wibisono Rajasa,4475
P-319,UD Widodo,1087
P-320,PD Hartati,715
P-321,UD Pranowo,2754
P-322,Perum Halimah Hardiansyah (Persero) Tbk,8034
P-323,Perum Astuti Iswahyudi (Persero) Tbk,5735
P-324,UD Tamba Tbk,9137
P-325,UD Wastuti Tamba,7745
P-326,CV Nasyiah Farida,2979
P-327,CV Mansur,715
P-328,CV Wasita,6810
P-329,CV Tarihoran Pradipta,8909
P-330,Perum Narpati Firmansyah (Persero) Tbk,5543
P-331,Perum Mandala Oktaviani,1020
P-332,UD Kusmawati Waskita,7102
P-333,Perum Handayani Oktaviani (Persero) Tbk,3324
P-334,Perum Puspasari,9450
P-335,PT Najmudin Tbk,3982
P-336,Perum Purnawati Pranowo (Persero) Tbk,6914
P-337,UD Pradana Tbk,1859
P-338,UD Usada Rajata,2565
P-339,Perum Padmasari Hidayanto (Persero) Tbk,5816
P-340,CV Uwais,3877
P-341,UD Susanti,6289
P-342,Perum Prasetya Hassanah,7054
P-343,Perum Thamrin Firgantoro (Persero) Tbk,2234
P-344,Perum Winarno (Persero) Tbk,1476
P-345,UD Handayani,3507
P-346,Perum Pradipta Wijayanti (Persero) Tbk,4805
P-347,Perum Hutapea Halim Tbk,9129
P-348,CV Nashiruddin Tbk,9686
P-349,PT Uwais Kuswandari,3624
P-350,PD Hassanah Tbk,24
P-351,CV Prastuti Tbk,1969
P-352,Perum Nasyidah,5166
P-353,UD Yuliarti Megantara Tbk,8418
P-354,PT Safitri Tbk,7681
P-355,PT Laksmiwati Wastuti,8245
P-356,UD Utami Tbk,5379
P-357,PD Melani Sihombing,269
P-358,UD Wacana Handayani,8525
P-359,CV Kurniawan Hardiansyah (Persero) Tbk,963
P-360,CV Halim Kusumo,4561
P-361,PT Pradana,1784
P-362,PT Uyainah Napitupulu,8930
P-363,PD Haryanti Namaga,1762
P-364,CV Nugroho Hutapea,5728
P-365,PT Maryadi,9672
P-366,PD Hidayat,9623
P-367,Perum Lazuardi Tbk,2151
P-368,CV Marbun,4039
P-369,UD Sitompul Safitri Tbk,4648
P-370,PD Tamba,9599
P-371,Perum Habibi Sihotang (Persero) Tbk,1921
P-372,PT Wijayanti Tbk,1810
P-373,PD Laksita,1587
P-374,UD Rajata Hasanah Tbk,2958
P-375,UD Dongoran Tbk,8341
P-376,PT Hidayanto Melani,6789
P-377,Perum Mandasari Lailasari Tbk,5656
P-378,PT Mansur Zulkarnain,8809
P-379,UD Nasyiah,9906
P-380,PT Maheswara (Persero) Tbk,8594
P-381,CV Purwanti Riyanti,452
P-382,PT Widodo,7406
P-383,UD Lestari Hutagalung,3720
P-384,PT Hutapea (Persero) Tbk,4567
P-385,PD Firmansyah Puspasari,9838
P-386,CV Sirait Pratama (Persero) Tbk,675
P-387,UD Anggraini Megantara,928
P-388,CV Halim Nainggolan,3842
P-389,PT Purwanti,5899
P-390,Perum Firgantoro Anggraini Tbk,1634
P-391,CV Hutagalung Mustofa,4106
P-392,PT Melani,3344
P-393,PT Nugroho,5445
P-394,Perum Puspita (Persero) Tbk,2405
P-395,Perum Rahimah Tbk,7070
P-396,PT Permata Pratama Tbk,464
P-397,CV Budiman Budiyanto Tbk,3014
P-398,UD Kuswoyo Prasetyo,6070
P-399,PT Wijayanti Hariyah,9794
P-400,CV Yulianti Setiawan,9766
P-401,PD Halim Hutagalung (Persero) Tbk,8881
P-402,UD Hardiansyah Saptono,93
P-403,CV Hidayat (Persero) Tbk,5663
P-404,PT Utami (Persero) Tbk,3519
P-405,CV Widodo Tbk,1292
P-406,PD Wacana,1980
P-407,CV Pradipta Tbk,5305
P-408,CV Prasetyo Marpaung Tbk,3057
P-409,CV Winarsih Safitri,9663
P-410,UD Saragih,5436
P-411,CV Hutagalung,2287
P-412,UD Melani Ardianto Tbk,7076
P-413,CV Marbun Tbk,298
P-414,PD Laksita Tbk,1451
P-415,PT Kurniawan Laksita,1030
P-416,PD Budiyanto (Persero) Tbk,9550
P-417,PD Puspasari Tbk,9077
P-418,PD Safitri Budiman Tbk,7856
P-419,Perum Sihombing Usamah,4985
P-420,UD Mustofa Tbk,8572
P-421,Perum Utami Hartati Tbk,994
P-422,Perum Mahendra (Persero) Tbk,4535
P-423,Perum Sitorus Puspasari,3101
P-424,UD Mansur Hassanah,9507
P-425,UD Mansur Siregar Tbk,2606
P-426,PT Suartini,7141
P-427,PD Prasasta Rahimah,9950
P-428,UD Kusmawati Waluyo,1857
P-429,PT Nainggolan,869
P-430,PD Purwanti Suartini (Persero) Tbk,2961
P-431,Perum Prayoga,8132
P-432,Perum Prasetyo Safitri Tbk,8747
P-433,CV Haryanto,3703
P-434,PT Suwarno Tampubolon (Persero) Tbk,7981
P-435,Perum Simbolon Tbk,2076
P-436,CV Mansur Permadi Tbk,9983
P-437,CV Halim Permata Tbk,7004
P-438,Perum Halim Sitompul Tbk,5980
P-439,Perum Winarsih,36
P-440,PD Winarsih,9389
P-441,PD Nababan,714
P-442,UD Astuti Tbk,4468
P-443,Perum Permadi Salahudin (Persero) Tbk,7011
P-444,CV Ramadan Tbk,1877
P-445,PD Irawan (Persero) Tbk,9766
P-446,CV Pradana (Persero) Tbk,1627
P-447,UD Astuti Tbk,9578
P-448,CV Budiman Sitompul,3607
P-449,PD Rahimah,4093
P-450,PT Kurniawan Wulandari,5698
P-451,UD Yuliarti (Persero) Tbk,1630
P-452,CV Riyanti,3338
P-453,UD Wijayanti Utama,5376
P-454,PD Pratama Santoso (Persero) Tbk,5184
P-455,PT Agustina Winarno,650
P-456,UD Pertiwi,8703
P-457,PT Sitompul Tbk,1180
P-458,CV Yolanda Zulkarnain,2862
P-459,PT Permata (Persero) Tbk,2972
P-460,Perum Hakim (Persero) Tbk,7732
P-461,PD Suwarno Tbk,884
P-462,Perum Widiastuti Puspita,8577
P-463,PT Situmorang,8650
P-464,Perum Lestari Megantara,2458
P-465,UD Nashiruddin Sihotang,5035
P-466,Perum Widiastuti,3390
P-467,PD Prastuti,6303
P-468,PT Haryanto Tbk,2255
P-469,PT Wastuti (Persero) Tbk,88
P-470,CV Hidayanto Sihotang,366
P-471,PD Sirait Uwais,3448
P-472,PD Riyanti,2039
P-473,UD Tampubolon Tamba,6675
P-474,CV Najmudin,6419
P-475,UD Yulianti Tbk,2924
P-476,PT Sinaga Haryanto (Persero) Tbk,570
P-477,UD Simanjuntak Tbk,2046
P-478,PD Hutapea Tbk,4428
P-479,PD Prasetya Widodo,5590
P-480,Perum Simbolon,1798
P-481,Perum Palastri Tbk,1216
P-482,Perum Budiman (Persero) Tbk,4861
P-483,CV Hariyah Budiyanto,6634
P-484,Perum Mangunsong,4992
P-485,PT Nababan Lazuardi (Persero) Tbk,9155
P-486,Perum Kusumo (Persero) Tbk,3759
P-487,Perum Permadi,7046
P-488,PT Maryati Permata Tbk,2081
P-489,PT Dabukke Prastuti,4649
P-490,Perum Halimah Hastuti (Persero) Tbk,2012
P-491,PT Pratiwi (Persero) Tbk,6020
P-492,CV Namaga Anggriawan (Persero) Tbk,2006
P-493,PD Hasanah Susanti,6046
P-494,UD Firgantoro Lazuardi Tbk,7392
P-495,CV Suryatmi (Persero) Tbk,2119
P-496,Perum Maryati,6932
P-497,CV Damanik Farida,6084
P-498,CV Wulandari Tbk,4729
P-499,Perum Pradipta Tbk,7356
P-500,PT Nuraini,5261
P-501,CV Hutagalung,8712
P-502,PD Wibisono Uyainah (Persero) Tbk,4678
P-503,Perum Prastuti,8544
P-504,PD Maheswara Yuliarti,4557
P-505,UD Hutagalung,9293
P-506,Perum Wijayanti Adriansyah Tbk,8221
P-507,CV Habibi Maheswara,543
P-508,PD Sinaga (Persero) Tbk,9427
P-509,Perum Gunawan Kurniawan,3748
P-510,UD Firgantoro Kurniawan Tbk,4921
P-511,PT Mansur,8055
P-512,PD Prayoga,1490
P-513,CV Habibi,3203
P-514,CV Sitorus Wahyudin,4782
P-515,CV Melani (Persero) Tbk,9848
P-516,CV Rahmawati Sinaga (Persero) Tbk,5346
P-517,CV Nashiruddin Mahendra,4975
P-518,CV Rajasa Tbk,4094
P-519,PT Narpati Simanjuntak,3965
P-520,UD Hutasoit Januar (Persero) Tbk,8108
P-521,Perum Pradipta Widiastuti Tbk,9321
P-522,Perum Tarihoran Pudjiastuti Tbk,5533
P-523,PT Pudjiastuti,4019
P-524,CV Wibisono Manullang Tbk,1770
P-525,PT Laksita Uyainah,5117
P-526,Perum Hidayanto (Persero) Tbk,3890
P-527,Perum Uwais Hidayat Tbk,1086
P-528,PD Suwarno,6780
P-529,PT Wasita,983
P-530,PT Sitorus,242
P-531,PT Januar,1702
P-532,UD Hidayanto Usada,895
P-533,PD Widodo,7492
P-534,Perum Yolanda Dongoran,4579
P-535,CV Mustofa (Persero) Tbk,4951
P-536,UD Tampubolon Hidayat,7166
P-537,PT Dongoran Puspasari,3596
P-538,Perum Halimah Iswahyudi,3573
P-539,PD Wulandari,2017
P-540,PD Uwais Mansur (Persero) Tbk,9794
P-541,PT Halimah Anggraini,5478
P-542,PD Hidayat Laksmiwati,429
P-543,UD Mandasari,6104
P-544,PT Padmasari,1009
P-545,CV Wulandari Tbk,2953
P-546,CV Sirait Saragih,1830
P-547,CV Samosir Tbk,4032
P-548,CV Suwarno Rahayu,7869
P-549,Perum Natsir Saragih Tbk,9960
P-550,Perum Fujiati,5625
P-551,CV Prayoga (Persero) Tbk,3175
P-552,Perum Prasetyo (Persero) Tbk,7898
P-553,UD Mustofa (Persero) Tbk,8274
P-554,CV Firmansyah Tbk,4730
P-555,CV Jailani Namaga,5520
P-556,PT Megantara Yuniar,155
P-557,UD Thamrin Tbk,5447
P-558,PT Suryatmi Suryono,5366
P-559,PT Widodo Nuraini (Persero) Tbk,1335
P-560,PT Sitorus,4519
P-561,CV Tarihoran Widodo,1370
P-562,PD Maulana Wasita,9560
P-563,Perum Latupono,6842
P-564,PT Hidayat Palastri,9703
P-565,Perum Yolanda (Persero) Tbk,3978
P-566,Perum Palastri Tbk,2538
P-567,UD Mayasari Rajasa,7504
P-568,PD Simanjuntak,5336
P-569,UD Ramadan Yulianti Tbk,1181
P-570,PT Simbolon,9886
P-571,CV Latupono Tbk,7574
P-572,UD Maheswara,2449
P-573,UD Prabowo Mahendra (Persero) Tbk,3685
P-574,PD Hastuti,7076
P-575,PD Pertiwi,7717
P-576,Perum Sihotang (Persero) Tbk,8044
P-577,PD Handayani Tbk,9822
P-578,PT Suryono,6343
P-579,Perum Mansur,7224
P-580,Perum Santoso (Persero) Tbk,3274
P-581,PT Jailani (Persero) Tbk,541
P-582,CV Tamba (Persero) Tbk,2272
P-583,CV Lazuardi Gunawan (Persero) Tbk,4830
P-584,Perum Utami,4384
P-585,UD Manullang Budiyanto (Persero) Tbk,3580
P-586,CV Pudjiastuti,4332
P-587,Perum Iswahyudi Nurdiyanti Tbk,5540
P-588,UD Latupono Marbun,4174
P-589,PD Prastuti Hidayanto,105
P-590,Perum Manullang Habibi Tbk,3079
P-591,UD Irawan,564
P-592,Perum Sinaga Tbk,9538
P-593,PD Suryono,2744
P-594,PT Winarno Rahimah,6040
P-595,CV Wasita Padmasari,4989
P-596,CV Siregar Hasanah,4540
P-597,CV Firmansyah Dongoran,9573
P-598,Perum Sirait Nurdiyanti (Persero) Tbk,3924
P-599,PD Uyainah Tbk,4327
P-600,PT Puspita (Persero) Tbk,4749
P-601,Perum Setiawan Nashiruddin (Persero) Tbk,8012
P-602,Perum Situmorang Jailani (Persero) Tbk,6156
P-603,PD Tamba,8912
P-604,PD Nuraini Simbolon (Persero) Tbk,9673
P-605,PD Sudiati Tbk,1594
P-606,CV Zulkarnain Wastuti,9142
P-607,CV Astuti Hidayat,1262
P-608,PD Prasetya Najmudin Tbk,8924
P-609,PD Andriani Pradipta,2160
P-610,Perum Nugroho (Persero) Tbk,1431
P-611,Perum Halimah Sihotang,8900
P-612,Perum Melani (Persero) Tbk,2372
P-613,CV Mangunsong,6316
P-614,UD Prakasa Maryadi (Persero) Tbk,7489
P-615,PD Usada Utama (Persero) Tbk,4983
P-616,PD Purnawati Astuti,2509
P-617,Perum Lailasari (Persero) Tbk,9400
P-618,UD Yuliarti,2816
P-619,Perum Yuliarti (Persero) Tbk,7259
P-620,CV Rahayu Namaga,1053
P-621,CV Waskita Firgantoro,3649
P-622,UD Pangestu,1629
P-623,PD Iswahyudi,8165
P-624,PT Laksmiwati,5333
P-625,CV Prasetyo (Persero) Tbk,6564
P-626,Perum Yuniar,5314
P-627,Perum Yulianti,3277
P-628,CV Hariyah Saputra (Persero) Tbk,18
P-629,PT Hassanah,635
P-630,UD Suwarno,178
P-631,PD Tamba Kusumo,8553
P-632,PT Manullang Tbk,3818
P-633,Perum Dabukke Usamah,8852
P-634,UD Habibi Maryadi,5248
P-635,PT Sirait Mulyani,3901
P-636,Perum Hastuti Tbk,6177
P-637,Perum Zulkarnain Pratiwi Tbk,8371
P-638,PD Hassanah Rajasa,8728
P-639,CV Nashiruddin Suryatmi Tbk,1061
P-640,PD Winarsih,787
P-641,CV Nasyiah Palastri,2926
P-642,PT Purnawati,4824
P-643,UD Puspita Laksita Tbk,1249
P-644,PT Yuniar,6692
P-645,PD Wijaya Firmansyah,880
P-646,PD Napitupulu,1126
P-647,CV Winarsih Utami,7072
P-648,Perum Hidayat Ramadan Tbk,950
P-649,Perum Utami Januar Tbk,5139
P-650,Perum Mansur,544
P-651,PD Firmansyah Mahendra,7748
P-652,Perum Pertiwi Pratiwi,2902
P-653,PT Megantara,7434
P-654,Perum Suwarno Kusmawati (Persero) Tbk,9794
P-655,PT Nurdiyanti Tbk,4245
P-656,Perum Mangunsong Uyainah,4157
P-657,CV Ramadan Mangunsong (Persero) Tbk,9235
P-658,UD Novitasari,1966
P-659,UD Tamba Ramadan (Persero) Tbk,7749
P-660,UD Maulana Marbun,2622
P-661,Perum Purwanti Hasanah Tbk,9292
P-662,UD Wulandari,6859
P-663,CV Thamrin Tbk,2470
P-664,UD Nasyiah Kurniawan Tbk,4969
P-665,UD Irawan Tbk,7693
P-666,PT Pudjiastuti Latupono,8075
P-667,UD Suartini,8176
P-668,Perum Mulyani,8172
P-669,PT Halimah Astuti,1460
P-670,Perum Wibowo Uwais,9962
P-671,CV Namaga,9213
P-672,CV Lazuardi Utama,9319
P-673,PD Damanik,2706
P-674,CV Aryani Firgantoro Tbk,4923
P-675,PD Mahendra (Persero) Tbk,2853
P-676,PT Setiawan Tbk,3255
P-677,PT Yolanda Tbk,2936
P-678,CV Mustofa Santoso,199
P-679,PT Utama Uyainah,141
P-680,PT Sinaga (Persero) Tbk,1873
P-681,UD Samosir Tbk,1317
P-682,PD Uwais,495
P-683,Perum Wastuti,2003
P-684,Perum Latupono,2006
P-685,UD Rahmawati,4365
P-686,PT Pradipta Latupono Tbk,1245
P-687,PD Andriani Tbk,4308
P-688,UD Pangestu,8750
P-689,Perum Laksita Astuti,8355
P-690,Perum Prayoga Santoso,2876
P-691,PD Mayasari,1520
P-692,Perum Dabukke Budiyanto Tbk,1
P-693,PT Halim Tbk,1176
P-694,Perum Yuniar Tbk,8892
P-695,Perum Prasetya Nuraini,194
P-696,PT Nasyidah Sihombing,9824
P-697,PD Hasanah Rajasa (Persero) Tbk,9208
P-698,CV Natsir Irawan,6598
P-699,CV Permadi Simanjuntak,1653
P-700,UD Susanti Widiastuti (Persero) Tbk,392
P-701,PD Pratama Agustina (Persero) Tbk,3694
P-702,Perum Wibowo Lestari (Persero) Tbk,6531
P-703,PT Gunarto Megantara (Persero) Tbk,7600
P-704,CV Novitasari,679
P-705,UD Situmorang Purnawati,6183
P-706,PT Puspita (Persero) Tbk,3787
P-707,PD Agustina Gunawan,247
P-708,UD Hidayat Maulana,6961
P-709,PD Prayoga Halimah,7999
P-710,PT Wahyudin,3752
P-711,UD Fujiati,4712
P-712,PT Permadi,4636
P-713,UD Sinaga,7212
P-714,PD Yolanda Tbk,5912
P-715,Perum Utama (Persero) Tbk,653
P-716,UD Winarsih,4673
P-717,UD Pranowo,3248
P-718,PT Simanjuntak Nuraini (Persero) Tbk,4041
P-719,Perum Wibowo Prakasa,3687
P-720,UD Megantara (Persero) Tbk,4719
P-721,PD Lazuardi,669
P-722,PD Yuliarti Padmasari,1110
P-723,PD Marpaung Santoso,5615
P-724,UD Fujiati Wijayanti (Persero) Tbk,3078
P-725,UD Halimah Wasita,7737
P-726,PT Rajata (Persero) Tbk,6987
P-727,PT Rahayu Tbk,9078
P-728,PD Kuswoyo (Persero) Tbk,8996
P-729,PT Uyainah (Persero) Tbk,4144
P-730,UD Ardianto Tbk,4560
P-731,PD Agustina,1812
P-732,UD Thamrin,4745
P-733,PT Wijayanti Saragih,2982
P-734,Perum Winarno Pangestu Tbk,3750
P-735,UD Maheswara Yulianti,9735
P-736,UD Adriansyah Tbk,5893
P-737,PD Rahmawati Hutasoit,9638
P-738,UD Safitri,5831
P-739,CV Halimah Utama (Persero) Tbk,2271
P-740,PT Laksmiwati Prastuti (Persero) Tbk,3822
P-741,UD Hutagalung Kurniawan Tbk,6372
P-742,Perum Lailasari Yuniar (Persero) Tbk,6152
P-743,PT Mardhiyah Rajata,9243
P-744,PT Wasita Pertiwi Tbk,5481
P-745,PD Tarihoran,4516
P-746,Perum Prabowo Padmasari Tbk,6156
P-747,UD Gunarto Laksita (Persero) Tbk,8083
P-748,PT Puspasari Sihotang,6515
P-749,CV Laksmiwati Samosir,7967
P-750,PT Hidayat (Persero) Tbk,9668
P-751,UD Lailasari Thamrin,517
P-752,UD Simanjuntak,1139
P-753,PD Pradipta,178
P-754,UD Prastuti (Persero) Tbk,179
P-755,CV Mandasari,3461
P-756,PT Wastuti,7441
P-757,UD Pratama Siregar Tbk,2817
P-758,CV Mansur (Persero) Tbk,7036
P-759,Perum Sihombing Tbk,306
P-760,PT Iswahyudi (Persero) Tbk,8217
P-761,UD Puspasari,6021
P-762,UD Narpati,2498
P-763,PT Astuti Mangunsong,168
P-764,UD Yulianti (Persero) Tbk,3082
P-765,Perum Pradana,8903
P-766,PT Januar Tbk,52
P-767,PT Mansur,9312
P-768,PD Pratama Siregar,7498
P-769,Perum Yulianti Laksmiwati Tbk,2973
P-770,PT Mansur Firgantoro,9402
P-771,Perum Puspasari Mangunsong Tbk,1459
P-772,UD Wasita Tamba,5609
P-773,Perum Dabukke Tbk,1177
P-774,PT Manullang (Persero) Tbk,1827
P-775,UD Yolanda,5291
P-776,PD Irawan Tbk,4390
P-777,PD Hakim Halim (Persero) Tbk,4057
P-778,Perum Hutapea Natsir Tbk,4418
P-779,Perum Zulaika Santoso Tbk,9828
P-780,PD Gunawan,113
P-781,PD Thamrin Dongoran Tbk,7042
P-782,PT Puspasari,752
P-783,Perum Kuswoyo (Persero) Tbk,2798
P-784,Perum Sudiati Saragih,5175
P-785,PD Habibi (Persero) Tbk,4873
P-786,UD Adriansyah Palastri,3676
P-787,Perum Prasetyo Tbk,3541
P-788,PD Sinaga,4917
P-789,CV Gunawan Nashiruddin,4930
P-790,PT Natsir Usada,8619
P-791,UD Sirait Hutapea Tbk,2300
P-792,Perum Sihotang,8499
P-793,PD Novitasari Tbk,4605
P-794,UD Napitupulu,7290
P-795,CV Gunawan Tbk,8863
P-796,UD Jailani Halimah (Persero) Tbk,2219
P-797,Perum Anggriawan Manullang (Persero) Tbk,335
P-798,PD Damanik (Persero) Tbk,789
P-799,PT Handayani Laksmiwati,396
P-800,PT Najmudin Yulianti (Persero) Tbk,2621
P-801,Perum Hasanah (Persero) Tbk,9188
P-802,Perum Purnawati,6915
P-803,CV Habibi Tbk,2814
P-804,PD Marbun Astuti,5123
P-805,PD Maryadi,1830
P-806,CV Pradana Suryono Tbk,4261
P-807,Perum Hassanah,599
P-808,PD Nuraini Haryanti,1555
P-809,UD Prayoga,2215
P-810,PT Agustina (Persero) Tbk,8535
P-811,PD Wastuti Tbk,3132
P-812,Perum Tampubolon,7903
P-813,PT Safitri Namaga,6859
P-814,UD Anggraini (Persero) Tbk,6682
P-815,CV Prasasta (Persero) Tbk,7416
P-816,CV Thamrin Narpati,1818
P-817,PD Prasasta,219
P-818,Perum Saptono Mayasari Tbk,9938
P-819,CV Wahyuni Purwanti,4721
P-820,PD Nainggolan Tbk,1932
P-821,CV Permata,3518
P-822,Perum Halim,1876
P-823,CV Widodo Nasyiah (Persero) Tbk,3141
P-824,UD Pradipta Nashiruddin,6430
P-825,UD Maulana (Persero) Tbk,5821
P-826,UD Wasita Tbk,8828
P-827,PD Siregar,8755
P-828,Perum Widiastuti Hakim (Persero) Tbk,8532
P-829,PT Wahyudin Hutasoit Tbk,6815
P-830,Perum Wacana Hutagalung (Persero) Tbk,7403
P-831,PT Mandasari Santoso,286
P-832,Perum Handayani,944
P-833,Perum Mayasari,1923
P-834,Perum Nugroho (Persero) Tbk,1187
P-835,CV Kuswoyo Winarno (Persero) Tbk,4615
P-836,PT Januar (Persero) Tbk,9023
P-837,PD Zulaika Wacana,1619
P-838,Perum Sitorus (Persero) Tbk,4363
P-839,PT Mustofa Tbk,7265
P-840,PT Damanik Tbk,6603
P-841,PD Prasetyo Nasyiah,873
P-842,UD Pradana Lailasari Tbk,3026
P-843,PT Prasetya (Persero) Tbk,142
P-844,PT Wijayanti,7110
P-845,UD Winarno (Persero) Tbk,7721
P-846,PT Yulianti Rajata,435
P-847,PT Situmorang Rajata Tbk,9708
P-848,UD Utama Widiastuti Tbk,2764
P-849,CV Prayoga (Persero) Tbk,1115
P-850,PD Zulaika Tbk,6864
P-851,Perum Farida Uyainah,8773
P-852,PT Hutagalung Haryanti (Persero) Tbk,1569
P-853,Perum Permadi (Persero) Tbk,726
P-854,Perum Wijaya,4797
P-855,Perum Mandala Handayani (Persero) Tbk,9629
P-856,Perum Utami Habibi (Persero) Tbk,311
P-857,PD Tamba Saputra (Persero) Tbk,3048
P-858,CV Natsir (Persero) Tbk,7616
P-859,PT Hutagalung Sitorus Tbk,2818
P-860,CV Usamah Ramadan Tbk,1506
P-861,Perum Safitri,526
P-862,PD Prasasta (Persero) Tbk,4863
P-863,CV Prasetya Yuliarti (Persero) Tbk,1907
P-864,UD Wahyuni Nashiruddin Tbk,8520
P-865,CV Hassanah Situmorang,2513
P-866,CV Widodo,3672
P-867,UD Rajata,2054
P-868,PT Siregar (Persero) Tbk,7349
P-869,CV Tampubolon,7406
P-870,UD Prakasa (Persero) Tbk,6442
P-871,PT Anggraini,7866
P-872,PD Kusmawati (Persero) Tbk,550
P-873,CV Susanti Kusumo Tbk,5486
P-874,Perum Nurdiyanti (Persero) Tbk,6221
P-875,Perum Nuraini Padmasari,1336
P-876,CV Lailasari Yulianti Tbk,5854
P-877,UD Waskita,1327
P-878,PT Uwais Tbk,6909
P-879,PT Irawan Sihotang,9424
P-880,PD Megantara Tbk,7174
P-881,UD Hutasoit Halim Tbk,2789
P-882,PD Wacana,9561
P-883,PD Pratama Pradana Tbk,9199
P-884,UD Uyainah Hutagalung (Persero) Tbk,1196
P-885,Perum Utama,529
P-886,CV Gunawan Pranowo (Persero) Tbk,9769
P-887,Perum Firmansyah,6391
P-888,PD Rahimah Zulaika,4706
P-889,PD Suartini Siregar Tbk,5295
P-890,PD Yuliarti Rahayu Tbk,7977
P-891,PD Latupono,7176
P-892,Perum Saptono Wahyudin,3944
P-893,PD Anggraini Kuswoyo Tbk,9297
P-894,UD Sitompul Hidayat,9303
P-895,CV Prasasta,7603
P-896,PT Salahudin Firmansyah (Persero) Tbk,592
P-897,CV Prasetyo Saragih Tbk,9110
P-898,PD Prasasta Fujiati (Persero) Tbk,2945
P-899,Perum Suwarno (Persero) Tbk,1601
P-900,PT Usada Prayoga (Persero) Tbk,1690
P-901,UD Winarsih,4744
P-902,CV Nainggolan Pratama,7619
P-903,PT Pudjiastuti,9071
P-904,Perum Usamah Tbk,7806
P-905,PD Zulkarnain,5303
P-906,CV Widiastuti,6453
P-907,UD Haryanti,6057
P-908,PD Laksmiwati Wulandari Tbk,5859
P-909,CV Permata Yuliarti,4738
P-910,CV Ramadan,9419
P-911,PD Mayasari Maryadi (Persero) Tbk,5227
P-912,Perum Kusumo,4367
P-913,PD Melani Suartini (Persero) Tbk,2794
P-914,PD Kuswoyo Tbk,733
P-915,PT Mahendra Yolanda,408
P-916,PT Saptono Pertiwi Tbk,8039
P-917,Perum Hartati Megantara,7653
P-918,CV Pratiwi (Persero) Tbk,8875
P-919,Perum Hutasoit Tarihoran (Persero) Tbk,177
P-920,UD Anggriawan Nashiruddin,9993
P-921,PT Widodo Damanik,4109
P-922,UD Pradipta (Persero) Tbk,8437
P-923,Perum Nasyiah Novitasari (Persero) Tbk,603
P-924,Perum Riyanti Fujiati,3288
P-925,Perum Suwarno Zulaika,1773
P-926,PT Nababan,785
P-927,Perum Hastuti Saragih Tbk,1115
P-928,CV Jailani (Persero) Tbk,1085
P-929,UD Usamah (Persero) Tbk,7169
P-930,CV Purnawati Utama (Persero) Tbk,6742
P-931,Perum Susanti (Persero) Tbk,3037
P-932,Perum Marpaung,7869
P-933,CV Wacana Napitupulu,9487
P-934,PD Yuliarti (Persero) Tbk,1112
P-935,PT Farida Sihombing Tbk,4565
P-936,PD Rahmawati Kusmawati,8771
P-937,Perum Sihombing (Persero) Tbk,9997
P-938,CV Saptono Ramadan,1320
P-939,PD Tamba,3992
P-940,CV Susanti,9682
P-941,PD Tarihoran Tbk,375
P-942,PT Oktaviani (Persero) Tbk,6213
P-943,PD Siregar Maryati,9464
P-944,PD Saptono (Persero) Tbk,7952
P-945,PT Sihombing Tbk,2490
P-946,CV Halim Safitri,3156
P-947,PD Novitasari,8874
P-948,CV Andriani Wahyuni Tbk,9272
P-949,PD Fujiati Tbk,7993
P-950,CV Wijaya Tbk,5124
P-951,CV Habibi,7850
P-952,UD Sitorus Nugroho Tbk,5010
P-953,CV Wibisono Prakasa Tbk,7398
P-954,CV Waskita Laksita,4960
P-955,CV Tampubolon,3562
P-956,PT Santoso Tbk,4547
P-957,CV Rahmawati Maheswara,6564
P-958,PT Waluyo Sihotang Tbk,2506
P-959,Perum Padmasari,7686
P-960,UD Tamba Haryanto,4434
P-961,PT Suartini Prabowo,890
P-962,UD Andriani Dongoran,874
P-963,PD Marbun Melani (Persero) Tbk,44
P-964,PT Puspasari Usada (Persero) Tbk,7368
P-965,PD Mayasari,5700
P-966,Perum Uwais Wasita,6067
P-967,PT Zulkarnain,2479
P-968,PD Haryanti Winarsih Tbk,8020
P-969,Perum Mardhiyah Hakim (Persero) Tbk,6333
P-970,UD Mustofa Utama Tbk,6780
P-971,PD Melani Mayasari,9656
P-972,UD Saptono Tbk,4946
P-973,Perum Saputra (Persero) Tbk,22
P-974,PD Wahyudin Tbk,6191
P-975,UD Prastuti Riyanti (Persero) Tbk,5794
P-976,Perum Hardiansyah Lestari (Persero) Tbk,768
P-977,UD Natsir Tbk,4503
P-978,Perum Wibowo Mahendra Tbk,1790
P-979,PT Yuniar Tbk,2468
P-980,CV Maryati Pratama,1937
P-981,Perum Widodo Andriani (Persero) Tbk,4887
P-982,UD Rahayu (Persero) Tbk,2795
P-983,CV Zulaika,2775
P-984,UD Zulkarnain (Persero) Tbk,2343
P-985,PT Gunawan Tbk,1120
P-986,UD Simanjuntak,2892
P-987,PT Wijaya Najmudin,6844
P-988,UD Prasasta (Persero) Tbk,842
P-989,Perum Pertiwi Puspasari Tbk,7773
P-990,PT Hutapea,649
P-991,Perum Nashiruddin Nasyiah Tbk,3688
P-992,PD Sitorus Halimah Tbk,6343
P-993,CV Agustina,5720
P-994,PT Padmasari Mandasari,6048
P-995,Perum Maryadi Tbk,7802
P-996,PD Haryanto Tbk,1730
P-997,CV Sirait,5749
P-998,PT Melani,855
P-999,CV Nasyidah (Persero) Tbk,8968
